,PRICE_AND_VOLUME,PER_SHARE_DATA,VALUATION,FINANCIAL_STRENGTH,MARGINS,MANAGEMENT_EFFECTIVENESS,GROWTH,INCOME_STATEMENT
Price Closing Or Last Bid,26.18,,,,,,,
52 Week High,26.95,,,,,,,
52 Week Low,10.77,,,,,,,
Pricing Date,Jun-09,,,,,,,
10 Day Average Trading Volume,2.97,,,,,,,
Market Capitalization,22337.0,,,,,,,
52 Week High Date,Jun-03,,,,,,,
52 Week Low Date,Sep-30,,,,,,,
3 Month Average Trading Volume,76.96,,,,,,,
Beta,1.96,,,,,,,
1 Day Price Change,-0.51,,,,,,,
13 Week Price Return (Daily),19.63,,,,,,,
26 Week Price Return (Daily),48.12,,,,,,,
5 Day Price Return (Daily),-1.67,,,,,,,
52 Week Price Return (Daily),58.94,,,,,,,
Year To Date Price Return (Daily),53.77,,,,,,,
Month To Date Price Return (Daily),-0.11,,,,,,,
Price Relative To S&P500 (4 Week),-2.84,,,,,,,
Price Relative To S&P500 (13 Week),9.19,,,,,,,
Price Relative To S&P500 (26 Week),25.17,,,,,,,
Price Relative To S&P500 (52 Week),23.39,,,,,,,
Price Relative To S&P500 (YTD),30.06,,,,,,,
EPS Excl. Extra Items (Annual),,-1.02,,,,,,
EPS Excl. Extra Items (TTM),,0.34,,,,,,
EPS Normalized (Annual),,-0.49,,,,,,
Revenue Per Share (Annual),,41.69,,,,,,
Revenue Per Share (TTM),,--,,,,,,
Book Value (Per Share Annual),,72.68,,,,,,
Book Value (Per Share Quarterly),,74.14,,,,,,
Tangible Book Value (Per Share Annual),,64.99,,,,,,
Tangible Book Value (Per Share Quarterly),,69.64,,,,,,
Cash Per Share (Per Share Annual),,247.74,,,,,,
Cash Per Share (Per Share Quarterly),,283.76,,,,,,
Cash Flow (Per Share Annual),,6.74,,,,,,
Cash Flow (Per Share TTM),,--,,,,,,
Dividend (Per Share Annual),,0.55,,,,,,
Dividends (Per Share TTM),,0.55,,,,,,
EBITD (Per Share TTM),,--,,,,,,
EPS Basic Excl. Extra Items (Annual),,-1.02,,,,,,
EPS Basic Excl. Extra Items (TTM),,0.34,,,,,,
EPS Incl. Extra Items (Annual),,-1.02,,,,,,
EPS Incl. Extra Items (TTM),,0.34,,,,,,
Free Cash Flow (Per Share TTM),,--,,,,,,
Dividend (Per Share 5Y),,1.43,,,,,,
P/E Excl. Extra Items (Annual),,,--,,,,,
P/E Excl. Extra Items (TTM),,,77.43,,,,,
P/E Normalized (Annual),,,--,,,,,
Price To Sales (Annual),,,0.63,,,,,
Price To Sales (TTM),,,--,,,,,
Price To Tangible Book (Annual),,,0.4,,,,,
Price To Tangible Book (Quarterly),,,0.38,,,,,
Price To Free Cash Flow (Per Share Annual),,,0.3,,,,,
Price To Cash Flow (Per Share TTM),,,--,,,,,
Price To Free Cash Flow (Per Share TTM),,,--,,,,,
Price To Book (Annual),,,0.36,,,,,
Price To Book (Quarterly),,,0.35,,,,,
P/E Basic Excl. Extra Items (TTM),,,66.01,,,,,
P/E Excl. Extra Items High (TTM),,,66.01,,,,,
P/E Excl. Extra Items Low (TTM),,,5.99,,,,,
P/E Incl. Extra Items (TTM),,,77.43,,,,,
Net Debt (Interim),,,-76618.00,,,,,
Net Debt (Annual),,,-146902.00,,,,,
Dividend Yield (5Y),,,4.32,,,,,
Dividend Yield,,,2.1,,,,,
Current Dividend Yield (TTM),,,2.1,,,,,
Free Cash Flow (Annual),,,,75203.0,,,,
Current Ratio (Annual),,,,--,,,,
Net Interest Coverage (Annual),,,,--,,,,
Long Term Debt/Equity (Annual),,,,88.79,,,,
Payout Ratio (Annual),,,,--,,,,
Quick Ratio (Annual),,,,--,,,,
Total Debt/Total Equity (Annual),,,,102.7,,,,
Current EV/Free Cash Flow (Annual),,,,--,,,,
Current EV/Free Cash Flow (TTM),,,,--,,,,
Current Ratio (Quarterly),,,,--,,,,
Long Term Debt/Equity (Quarterly),,,,260.98,,,,
Quick Ratio (Quarterly),,,,--,,,,
Total Debt/Total Equity (Quarterly),,,,260.98,,,,
Free Cash Flow (TTM),,,,--,,,,
Net Interest Coverage (TTM),,,,--,,,,
Payout Ratio (TTM),,,,163.21,,,,
Gross Margin (Annual),,,,,--,,,
Gross Margin (TTM),,,,,--,,,
Net Profit Margin % (Annual),,,,,0.55,,,
Net Profit Margin (TTM),,,,,--,,,
Operating Margin (Annual),,,,,3.95,,,
Operating Margin (TTM),,,,,--,,,
Pretax Margin (TTM),,,,,--,,,
Pretax Margin (Annual),,,,,3.95,,,
Operating Margin (5Y),,,,,11.11,,,
Pretax Margin (5Y),,,,,11.11,,,
Free Operating Cash Flow/Revenue (5Y),,,,,46.46,,,
Free Operating Cash Flow/Revenue (TTM),,,,,--,,,
Gross Margin (5Y),,,,,--,,,
Net Profit Margin (5Y),,,,,7.81,,,
Return On Assets (Annual),,,,,,0.01,,
Return On Equity (TTM),,,,,,0.09,,
Return On Average Equity (Annual),,,,,,-1.39,,
Return On Average Equity (TTM),,,,,,0.46,,
Return On Investment (Annual),,,,,,--,,
Return On Investment (TTM),,,,,,--,,
Return On Average Assets (5Y),,,,,,0.25,,
Return On Average Equity (5Y),,,,,,3.62,,
Return On Investment (5Y),,,,,,--,,
Asset Turnover (Annual),,,,,,--,,
Asset Turnover (TTM),,,,,,--,,
Inventory Turnover (Annual),,,,,,--,,
Inventory Turnover (TTM),,,,,,--,,
Net Income/Employee (Annual),,,,,,1364.61,,
Net Income/Employee (TTM),,,,,,--,,
Receivables Turnover (Annual),,,,,,--,,
Receivables Turnover (TTM),,,,,,--,,
Revenue/Employee (Annual),,,,,,246840.9,,
Revenue/Employee (TTM),,,,,,--,,
Revenue Growth (Quarterly YoY),,,,,,,--,
Revenue Growth Rate (5Y),,,,,,,-4.01,
EPS Growth (Quarterly YoY),,,,,,,238.27,
EPS Growth (TTM YoY),,,,,,,-81.63,
EPS Growth Rate (5Y),,,,,,,--,
Dividend Growth Rate (3Y),,,,,,,-37.00,
Revenue Growth (TTM YoY),,,,,,,--,
Revenue Growth (Per Share 5Y),,,,,,,-6.31,
Revenue Growth Rate (3Y),,,,,,,-4.35,
EPS Growth Rate (3Y),,,,,,,--,
Book Value Growth Rate (Per Share 5Y),,,,,,,-0.46,
Tangible Book Value Total Equity CAGR (5Y),,,,,,,0.78,
Capital Spending Growth Rate 5 Year,,,,,,,4.42,
EBITDA CAGR (5Y),,,,,,,-4.66,
EBITDA Interim CAGR (5Y),,,,,,,--,
Free Operating Cash Flow CAGR (5Y),,,,,,,36.85,
Total Debt CAGR (5Y),,,,,,,-1.65,
Net Profit Margin Growth Rate (5Y),,,,,,,-43.50,
Revenue (Annual),,,,,,,,20721.0
Revenue (TTM),,,,,,,,--
EBITD (Annual),,,,,,,,14602.0
EBITD (TTM),,,,,,,,--
Earnings Before Taxes (Annual),,,,,,,,1400.0
Earnings Before Taxes (TTM),,,,,,,,2874.0
Net Income To Common (Annual),,,,,,,,-869.00
Net Income To Common (TTM),,,,,,,,286.0
Earnings Before Taxes Normalized (Annual),,,,,,,,2096.0
Net Income Available To Common Normalized (Annual),,,,,,,,-416.60
Diluted Normalized EPS Excl. Extra Items (TTM),,,,,,,,0.93
