Unnamed: 0;NAME;Sector;Country;REUTERS_CODE;YAHOO_CODE;DEDUCED
0;NESTLE;Food, Beverage and Tobacco;CH;NESN.S;NESN.SW;NESN.S
1;ASML HLDG;Technology;NL;ASML.AS;ASML.AS;ASML.AS, ASML.A
2;ROCHE HLDG P;Health Care;CH;ROG.S;ROG.SW;ROG.S, RO.S
3;NOVARTIS;Health Care;CH;NOVN.S;NOVN.SW;NOVN.S, NOVNEE.S
4;NOVO NORDISK B;Health Care;DK;NOVOB.CO;NOVO-B.CO;NOVOB.CO
5;ASTRAZENECA;Health Care;GB;AZN.L;AZN.L;AZN.L
6;LINDE;Chemicals;DE;LINI.DE;LIN.DE;
7;SAP;Technology;DE;SAPG.DE;SAP.DE;SAPGY_P.BE, SAPG.BE
8;UNILEVER PLC;Personal Care, Drug and Grocery Stores;GB;ULVR.L;ULVR.L;ULVR.L
9;SIEMENS;Industrial Goods and Services;DE;SIEGN.DE;SIE.DE;SIEGN.BE
10;HSBC;Banks;GB;HSBA.L;HSBA.L;HSBA.L, 77KB.L
11;DIAGEO;Food, Beverage and Tobacco;GB;DGE.L;DGE.L;DGE.L
12;GLAXOSMITHKLINE;Health Care;GB;GSK.L;GSK.L;GSK.L
13;ALLIANZ;Insurance;DE;ALVG.BE;ALV.DE;ALVG.BE
14;BP;Energy;GB;BP.L;BP.L;BP.L, BP_P.L, BP_PB.L
15;ROYAL DUTCH SHELL A;Energy;GB;RDSA.L;RDSA.L;RDSA.L
16;DAIMLER;Automobiles and Parts;DE;DAIGN.DE;DAI.DE;DAIGN.BE
17;ADYEN;Industrial Goods and Services;NL;ADYEN.AS;ADYEN.AS;ADYEN.AS
18;CIE FINANCIERE RICHEMONT;Consumer Products and Services;CH;CFR.S;CFRHF;
19;Prosus;Technology;NL;PRX.AS;PRX.AS;PRX.AS
20;BRITISH AMERICAN TOBACCO;Food, Beverage and Tobacco;GB;BATS.L;BATS.L;BATS.L
21;IBERDROLA;Utilities;ES;IBE.MC;IBE.MC;
22;BASF;Chemicals;DE;BASFN.DE;BAS.DE;BASFY.BE, BASFN.BE
23;ZURICH INSURANCE GROUP;Insurance;CH;ZURN.S;ZURN.SW;ZURN.S
24;RIO TINTO;Basic Resources;GB;RIO.L;RIO.L;
25;INFINEON TECHNOLOGIES;Technology;DE;IFXGN.DE;IFX.DE;IFXGY.BE, IFXGN.BE
26;RELX PLC;Media;GB;REL.L;REL.L;REL.L
27;DEUTSCHE POST;Industrial Goods and Services;DE;DPWGN.DE;DPW.DE;DPWGN.BE
28;DEUTSCHE TELEKOM;Telecommunications;DE;DTEGN.DE;DTE.DE;DTEAY.BE, DTEGN.BE
29;BCO SANTANDER;Banks;ES;SAN.MC;SAN.MC;
30;ENEL;Utilities;IT;ENEI.MI;ENEL.MI;ENEI.MI, ENEITAH.MI
31;UBS GROUP;Financial Services;CH;UBSG.S;UBSG.SW;UBSG.S, UBSGE.S
32;RECKITT BENCKISER GRP;Personal Care, Drug and Grocery Stores;GB;RB.L;RKT.L;RB.L
33;ADIDAS;Consumer Products and Services;DE;ADSGN.DE;ADS.DE;ADSGN.BE
34;LONZA;Health Care;CH;LONN.S;LONN.SW;LONN.S
35;ING GRP;Banks;NL;INGA.AS;INGA.AS;ING.A, INGA.AS
36;ABB;Industrial Goods and Services;CH;ABBN.S;ABBN.SW;ABBN.S
37;BAYER;Health Care;DE;BAYGN.DE;BAYN.DE;BAYGY.BE, BAYGN.BE
38;BHP GROUP PLC.;Basic Resources;GB;BHPB.L;BHP;BHPB.L
39;GLENCORE PLC;Basic Resources;GB;GLEN.L;GLEN.L;GLEN.L, 0IVW.L
40;PRUDENTIAL;Insurance;GB;PRU.L;PRU.L;PRU.L
41;SIKA;Construction and Materials;CH;SIKA.S;SIKA.SW;SIKA.S
42;INTESA SANPAOLO;Banks;IT;ISP.MI;ISP.MI;ISP.MI
43;ANHEUSER-BUSCH INBEV;Food, Beverage and Tobacco;BE;ABI.BR;ABI.BR;ABI.BR
44;ANGLO AMERICAN;Basic Resources;GB;AAL.L;AAL.L;AAL.L
45;DSV;Industrial Goods and Services;DK;DSV.CO;DSV.CO;
46;NATIONAL GRID;Utilities;GB;NG.L;NG.L;NG.L
47;LLOYDS BANKING GRP;Banks;GB;LLOY.L,;LLOY.L,;LLOY.L, LLOY_PA.L, LLOY_PB.L, LLOY_PE.L
48;BCO BILBAO VIZCAYA ARGENTARIA;Banks;ES;BBVA.MC;BBVA.MC;
49;INVESTOR B;Financial Services;SE;INVEB.ST;INVE-B.ST;INVEB.ST, INVEA.ST
50;EXPERIAN;Industrial Goods and Services;GB;EXPN.L;EXPN.L;EXPN.L
51;NORDEA BANK;Banks;FI;NDAFI.HE;NDA-FI.HE;NDAFI.HE
52;VODAFONE GRP;Telecommunications;GB;VOD.L;VOD.L;VOD.L
53;PHILIPS;Health Care;NL;PHG.AS;PHIA.AS;PHG.AS, PHG.A
54;STELLANTIS;Automobiles and Parts;IT;STLA.N;STLA.MI;
55;ATLAS COPCO A;Industrial Goods and Services;SE;ATCOA.ST;ATCO-A.ST;ATCOA.ST, ATCOB.ST
56;BARCLAYS;Banks;GB;BARC.L;BARC.L;BARC.L
57;MUENCHENER RUECK;Insurance;DE;MUVGN.DE;MUV2.DE;
58;ALCON;Health Care;CH;ALCC.S;ALC.SW;ALCC.S
59;CRH;Construction and Materials;IE;CRH.I;CRG.IR;CRH.I, CRH_P.I, CRH_PA.I
60;Industria de Diseno Textil SA;Retail;ES;ITX.MC;ITX.MC;
61;PARTNERS GRP HLDG;Financial Services;CH;PGHN.S;PGHN.SW;PGHN.S
62;EQT;Financial Services;SE;EQTAB.ST;EQT.ST;EQTAB.ST
63;VOLKSWAGEN PREF;Automobiles and Parts;DE;VOWG.DE;VOW3.DE;VOWG.BE, VOWG_P.BE
64;ASHTEAD GRP;Industrial Goods and Services;GB;AHT.L;AHT.L;AHT.L
65;KONINKLIJKE DSM;Food, Beverage and Tobacco;NL;DSMN.AS;DSM.AS;DSMN.AS
66;GIVAUDAN;Chemicals;CH;GIVN.S;GIVN.SW;GIVN.S
67;VOLVO B;Industrial Goods and Services;SE;VOLVB.ST;VOLV-B.ST;VOLVB.ST, VOLVA.ST
68;VESTAS WIND SYSTEMS;Energy;DK;VWS.CO;VWS.CO;VWS.CO
69;FERGUSON PLC;Industrial Goods and Services;GB;FERG.L;FERG.L;FERG.L
70;COMPASS GRP;Consumer Products and Services;GB;CPG.L;CPG.L;CPG.L
71;ENI;Energy;IT;ENI.MI;ENI.MI;ENI.MI, ENITAH.MI
72;AHOLD DELHAIZE;Personal Care, Drug and Grocery Stores;NL;AD.AS;AD.AS;AD.AS
73;BMW;Automobiles and Parts;DE;BMWG.DE;BMW.DE;
74;ERICSSON LM B;Telecommunications;SE;ERICB.ST;ERIC-B.ST;ERICB.ST
75;STMICROELECTRONICS;Technology;IT;STM.PA;STM.PA;STM.MI
76;CELLNEX TELECOM;Telecommunications;ES;CLNX.MC;CLNX.MC;
77;DEUTSCHE BOERSE;Financial Services;DE;DB1GN.DE;DB1.DE;DB1GN.BE
78;AMADEUS IT GROUP;Technology;ES;AMA.MC;AMS.MC;
79;Vonovia SE;Real Estate;DE;VNAN.DE;VNA.DE;VNAN.BE
80;MERCK;Health Care;DE;MRCG.DE;MRC.DE;MRCG.BE
81;FERRARI;Automobiles and Parts;IT;RACE.MI;RACE.MI;RACE.MI
82;EVOLUTION;Travel and Leisure;SE;EVOG.ST;EVO.ST;
83;HEXAGON B;Technology;SE;HEXAB.ST;HEXA-B.ST;HEXAB.ST
84;NOKIA;Telecommunications;FI;NOKIA.HE;NOKIA.HE;NOKIA.HE, NOKS.H
85;ASSA ABLOY;Construction and Materials;SE;ASSAB.ST;ASSA-B.ST;ASSAB.ST
86;LONDON STOCK EXCHANGE;Financial Services;GB;LSE.L;LSEG.L;LSE.L
87;Holcim;Construction and Materials;CH;HOLN.F;HOLN.SW;
88;UNICREDIT;Banks;IT;CRDI.MI;UCG.MI;CRDI.MI, CRDITAH.MI
89;WOLTERS KLUWER;Media;NL;WLSNC.AS;WKL.AS;WLSNC.AS
90;TESCO;Personal Care, Drug and Grocery Stores;GB;TSCO.L;TSCO.L;TSCO.L, 83HC.L, 84FX.L
91;GEBERIT;Construction and Materials;CH;GEBN.S;GEBN.SW;GEBN.S
92;FLUTTER ENTERTAINMENT;Travel and Leisure;IE;FLTRE.I;FLTR.IR;FLTRE.I
93;GENMAB;Health Care;DK;GMAB.CO;GMAB.CO;GMAB.CO
94;KONE B;Industrial Goods and Services;FI;KNEBV.HE;KNEBV.HE;KNEBV.HE
95;SANDVIK;Industrial Goods and Services;SE;SAND.ST;SAND.ST;SAND.ST
96;ASSICURAZIONI GENERALI;Insurance;IT;GASI.MI;G.MI;GASI.MI
97;SWISS REINSURANCE COMPANY;Insurance;CH;SRENH.S;SREN.SW;
98;EQUINOR;Energy;NO;EQNR.OL;EQNR.OL;EQNR.OL, BULLEQNRDNM.OL
99;E.ON;Utilities;DE;EONGN.DE;EOAN.DE;EONGNY.BE, EONGN.BE
100;HEINEKEN;Food, Beverage and Tobacco;NL;HEIN.AS;HEIA.AS;HEIN.AS
101;DEUTSCHE BANK;Banks;DE;DBKGN.DE;DBK.DE;DBKGN.BE
102;ORSTED;Utilities;DK;ORSTED.CO;ORSTED.CO;ORSTED.CO
103;SKANDINAVISKA ENSKILDA BK A;Banks;SE;SEBA.ST;SEB-A.ST;SEBA.ST, SEBC.ST
104;SAMPO;Insurance;FI;SAMPO.HE;SAMPO.HE;SAMPO.HE
105;DELIVERY HERO;Consumer Products and Services;DE;DHER.DE;DHER.DE;
106;TELEFONICA;Telecommunications;ES;TEF.MC;TEF.MC;
107;STRAUMANN;Health Care;CH;STMN.S;STMN.SW;STMN.S
108;RWE;Utilities;DE;RWEG.DE;RWE.DE;RWEG.BE
109;BAE SYSTEMS;Industrial Goods and Services;GB;BAES.L;BAES.L;BAES.L
110;UMG;Media;NL;UMG.AS;UMG.AS;
111;CREDIT SUISSE GRP;Financial Services;CH;CSGN.S;CSGN.SW;
112;LEGAL & GENERAL GRP;Insurance;GB;LGEN.L;LGEN.L;LGEN.L
113;KBC GRP;Banks;BE;KBC.BR;KBC.BR;KBC.BR
114;SONOVA;Health Care;CH;SOON.S;SOON.SW;SOON.S
115;SCOTTISH & SOUTHERN ENERGY;Utilities;GB;SSE.L;SSE.L;
116;NESTE;Energy;FI;NESTE.HE;NESTE.HE;NESTE.HE
117;ASM INTERNATIONAL;Technology;NL;ASMI.AS;ASM.AS;ASMI.AS
118;NIBE INDUSTRIER B;Construction and Materials;SE;NIBEB.ST;NIBE-B.ST;NIBEB.ST, NIBEB.S
119;DNB BANK;Banks;NO;DNB.OL;DNB.OL;DNB.OL
120;AKZO NOBEL;Chemicals;NL;AKZO.AS;AKZA.AS;AKZO.AS
121;SEGRO;Real Estate;GB;SGRO.L;SGRO.L;SGRO.L
122;COLOPLAST B;Health Care;DK;COLOB.CO;COLO-B.CO;COLOB.CO
123;AVIVA;Insurance;GB;AV.L;AV.L;AV.L, AV_P.L, AV_PA.L
124;ARCELORMITTAL;Basic Resources;LU;MT.AS;MT.AS;
125;ZALANDO;Retail;DE;ZALG.DE;ZAL.DE;
126;KERRY GRP;Food, Beverage and Tobacco;IE;KYGA.I;KRZ.IR;KYGA.I
127;SWEDBANK;Banks;SE;SWEDA.ST;SWED-A.ST;SWEDA.ST
128;Essity B;Personal Care, Drug and Grocery Stores;SE;ESSITYA.ST;ESSITY-A.ST;ESSITYA.ST, ESSITYB.ST
129;UPM KYMMENE;Basic Resources;FI;UPM.HE;UPM.HE;UPM.HE
130;IMPERIAL BRANDS;Food, Beverage and Tobacco;GB;IMB.L;IMB.L;IMB.L
131;SIEMENS HEALTHINEERS;Health Care;DE;SHLG.DE;SHL.DE;
132;A.P.MOLLER-MAERSK B;Industrial Goods and Services;DK;MAERSKB.CO;MAERSK-B.CO;
133;3I GROUP PLC.;Financial Services;GB;III.L;III.L;III.L, BS41.L
134;CRODA INTERNATIONAL;Chemicals;GB;CRDA.L;CRDA.L;CRDA.L, 49GP_P.L, 50GP_P.L
135;SGS;Industrial Goods and Services;CH;SGSN.S;SGSN.SW;SGSN.S
136;CNH Industrial NV;Industrial Goods and Services;IT;CNHI.MI;CNHI.MI;CNHI.MI, CNHITAH.MI
137;KUEHNE + NAGEL;Industrial Goods and Services;CH;KNIN.S;KNIN.SW;KNIN.S
138;KINGSPAN GRP;Construction and Materials;IE;KSP.I;KRX.IR;KSP.I
139;FRESENIUS;Health Care;DE;FREG.DE;FRE.DE;FREG.BE
140;SVENSKA HANDELSBANKEN A;Banks;SE;SHBA.ST;SHB-A.ST;SHBA.ST, SHBB.ST
141;WPP;Media;GB;WPP.L;WPP.L;WPP.L
142;SWISS LIFE HLDG;Insurance;CH;SLHN.S;SLHN.SW;
143;SYMRISE;Chemicals;DE;SY1G.DE;SY1.DE;SY1G.BE
144;REPSOL;Energy;ES;REP.MC;REP.MC;
145;CARLSBERG B;Food, Beverage and Tobacco;DK;CARLB.CO;CARL-B.CO;CARLB.CO, CARLA.CO
146;NN GROUP;Insurance;NL;NN.AS;NN.AS;NN.AS
147;HELLOFRESH AG;Personal Care, Drug and Grocery Stores;DE;DHER.DE;DHER.DE;
148;BT GRP;Telecommunications;GB;BT.L;BT-A.L;BT.L
149;MONCLER;Consumer Products and Services;IT;MONC.MI;MONC.MI;MONC.MI
150;SPIRAX-SARCO;Industrial Goods and Services;GB;SPX.L;SPX.L;SPX.L
151;NOVOZYMES;Health Care;DK;NZYMB.CO;NZYM-B.CO;NZYMB.CO
152;EPIROC A;Industrial Goods and Services;SE;EPIRA.ST;EPIR-A.ST;EPIRA.ST
153;ROLLS ROYCE HLDG;Industrial Goods and Services;GB;RR.L;RR.L;RR.L
154;HALMA;Industrial Goods and Services;GB;HLMA.L;HLMA.L;HLMA.L
155;STANDARD CHARTERED;Banks;GB;STAN.L;STAN.L;STAN.L, STAN_P.L, STAN_PA.L
156;FERROVIAL;Construction and Materials;ES;FER.MC;FER.MC;
157;JULIUS BAER GRP;Financial Services;CH;BAER.S;BAER.SW;BAER.S
158;ARGENX;Health Care;BE;ARGX.BR;ARGX.BR;ARGX.BR
159;EDP ENERGIAS DE PORTUGAL;Utilities;PT;EDP.LS;EDP.LS;EDP.LS
160;RENTOKIL INITIAL;Industrial Goods and Services;GB;RTO.L;RTO.L;RTO.L
161;NATWEST GROUP;Banks;GB;NWG.L;NWG.L;
162;ENTAIN;Travel and Leisure;GB;ENT.L;ENT.L;
163;SMITH & NEPHEW;Health Care;GB;SN.L;SN.L;SN.L
164;HENKEL PREF;Consumer Products and Services;DE;HNKG.DE;HNK.DE;HNKG.BE, HNKG_P.BE
165;OCADO;Personal Care, Drug and Grocery Stores;GB;OCDO.L;OCDO.L;OCDO.L
166;UCB;Health Care;BE;UCB.BR;UCB.BR;UCB.BR
167;SARTORIUS PREF.;Health Care;DE;SATG.DE;SAT.DE;SATG.BE, SATG_P.BE
168;PORSCHE PREF;Automobiles and Parts;DE;PSHG_P.DE;PAH3.DE;PSHG_P.BE
169;NEXT;Retail;GB;NXT.L;NXT.L;NXT.L
170;PANDORA;Consumer Products and Services;DK;PNDORA.CO;PNDORA.CO;PNDORA.CO
171;BRENNTAG;Chemicals;DE;BNRGN.DE;BNR.DE;BNRGN.BE
172;SWISSCOM;Telecommunications;CH;SCMN.S;SCMN.SW;SCMN.S
173;HENNES & MAURITZ B;Retail;SE;HMB.ST;HM-B.ST;HMB.ST
174;LOGITECH INTERNATIONAL;Technology;CH;LOGN.S;LOGN.SW;LOGN.S
175;SMURFIT KAPPA GRP;Industrial Goods and Services;IE;SKG.I;SK3.IR;SKG.I
176;ERSTE GROUP BANK;Banks;AT;ERST.VI;EBS.VI;ERST.VI
177;VAT GROUP AG;Industrial Goods and Services;CH;VACN.S;VACN.SW;
178;LINDT & SPRUENGLI REG;Food, Beverage and Tobacco;CH;LISN.S;LISN.SW;
179;SIEMENS ENERGY;Energy;DE;SIEGN.DE;ENR.DE;SIEGN.BE
180;CONTINENTAL;Automobiles and Parts;DE;CONG.DE;CON.DE;CONG.BE
181;FRESENIUS MEDICAL CARE;Health Care;DE;FREG.DE;FRE.DE;FREG.BE
182;ALFA LAVAL;Industrial Goods and Services;SE;ALFA.ST;ALFA.ST;ALFA.ST
183;IMCD;Chemicals;NL;IMCD.AS;IMCD.AS;IMCD.AS
184;PUMA;Consumer Products and Services;DE;PUMG.DE;PUM.DE;PUMG.BE
185;BUNZL;Industrial Goods and Services;GB;BNZL.L;BNZL.L;BNZL.L
186;FORTUM;Utilities;FI;FORTUM.HE;FORTUM.HE;FORTUM.HE
187;INTERCONTINENTAL HOTELS GRP;Travel and Leisure;GB;IHG.L;IHG.L;IHG.L
188;COVESTRO;Chemicals;DE;1COV.DE;1COV.DE;
189;CAIXABANK;Banks;ES;CABK.MC;CABK.MC;
190;QIAGEN;Health Care;DE;QIA.DE;QIA.DE;QIA.BE
191;JUST EAT TAKEAWAY.COM NV;Technology;NL;TKWY.AS;TKWY.AS;
192;AENA SME;Industrial Goods and Services;ES;AENA.MC;AENA.MC;
193;MOWI;Food, Beverage and Tobacco;NO;MOWI.OL;MOWI.OL;MOWI.OL
194;MONDI;Industrial Goods and Services;GB;MNDI.L;MNDI.L;MNDI.L
195;MTU AERO ENGINES;Industrial Goods and Services;DE;MTXGN.DE;MTX.DE;MTXGN.BE
196;FINECOBANK;Banks;IT;FBK.MI;FBK.MI;FBK.MI
197;SWEDISH MATCH;Food, Beverage and Tobacco;SE;SWMA.ST;SWMA.ST;SWMA.ST
198;DANSKE BANK;Banks;DK;DANSKE.CO;DANSKE.CO;DANSKE.CO
199;SNAM RETE GAS;Energy;IT;SRG.MI;SRG.MI;SRG.MI
200;PERSIMMON;Consumer Products and Services;GB;PSN.L;PSN.L;PSN.L
201;ST.JAMES'S PLACE CAPITAL;Financial Services;GB;SJP.L;STJ.L;
202;GRP BRUXELLES LAMBERT;Financial Services;BE;GBLB.BR;GBLB.BR;
203;SCHINDLER P;Industrial Goods and Services;CH;SCHN.S;SCHN.SW;SCHP.S, SCHN.S
204;HEIDELBERGCEMENT;Construction and Materials;DE;HEIG.DE;HEI.DE;HEIG.BE
205;HANNOVER RUECK;Insurance;DE;HNRGN.DE;HNR1.DE;HNRGN.BE
206;INTERTEK GRP;Industrial Goods and Services;GB;ITRK.L;ITRK.L;ITRK.L
207;UMICORE;Chemicals;BE;UMI.BR;UMI.BR;UMI.BR
208;RYANAIR;Travel and Leisure;IE;RYA.I;RY4C.IR;RYA.I
209;EXOR NV;Financial Services;IT;EXOR.MI;EXO.MI;EXOR.MI, EXORTAH.MI
210;INFORMA;Media;GB;INF.L;INF.L;INF.L
211;TERNA;Utilities;IT;TRN.MI;TRN.MI;
212;STORA ENSO R;Basic Resources;FI;STERV.HE;STERV.HE;STERV.HE, STEAV.HE
213;SAGE GRP;Technology;GB;SGE.L;SGE.L;SGE.L
214;BEIERSDORF;Personal Care, Drug and Grocery Stores;DE;BEIG.DE;BEI.DE;BEIG.BE
215;LEG IMMOBILIEN;Real Estate;DE;LEGN.DE;LEG.DE;LEGN.BE
216;BURBERRY;Consumer Products and Services;GB;BRBY.L;BRBY.L;BRBY.L
217;GETINGE B;Health Care;SE;GETIB.ST;GETI-B.ST;GETIB.ST
218;PRYSMIAN;Industrial Goods and Services;IT;PRY.MI;PRY.MI;PRY.MI
219;SKANSKA B;Construction and Materials;SE;SKAB.ST;SKA-B.ST;SKAB.ST
220;NORSK HYDRO;Basic Resources;NO;NHY.OL;NHY.OL;NHY.OL
221;TELENOR;Telecommunications;NO;TEL.OL;TEL.OL;TEL.OL, BEARTELX3DN.OL, BULLTELX3DN.OL
222;KPN;Telecommunications;NL;KPN.AS;KPN.AS;
223;PKO BANK;Banks;PL;PKO.WA;PKO.WA;
224;TEMENOS;Technology;CH;TEMN.S;TEMN.SW;TEMN.S
225;ATLANTIA;Industrial Goods and Services;IT;ATL.MI;ATL.MI;ATL.MI
226;KINNEVIK B;Financial Services;SE;KINVB.ST;KINV-B.ST;KINVB.ST, KINVA.ST
227;TELIA COMPANY;Telecommunications;SE;TELIA.ST;TELIA.ST;TELIA.ST
228;UNITED UTILITIES GRP;Utilities;GB;UU.L;UU.L;
229;ASSOCIATED BRITISH FOODS;Food, Beverage and Tobacco;GB;ABF.L;ABF.L;ABF.L
230;BOLIDEN;Basic Resources;SE;BOL.ST;BOL.ST;BOL.ST
231;KINGFISHER;Retail;GB;KGF.L;KGF.L;KGF.L
232;SEVERN TRENT;Utilities;GB;SVT.L;SVT.L;SVT.L
233;MELROSE INDUSTRIES;Industrial Goods and Services;GB;MRON.L;MRO.L;MRON.L
234;ADMIRAL GRP;Insurance;GB;ADML.L;ADM.L;ADML.L
235;HEINEKEN HLDG;Food, Beverage and Tobacco;NL;HEIN.AS;HEIA.AS;HEIN.AS
236;BARRATT DEVELOPMENTS;Consumer Products and Services;GB;BDEV.L;BDEV.L;BDEV.L
237;NEXI SPA;Industrial Goods and Services;IT;NEXII.MI;NEXI.MI;NEXII.MI
238;SKF B;Basic Resources;SE;SKFB.ST;SKF-B.ST;
239;ELISA CORPORATION;Telecommunications;FI;ELISA.HE;ELISA.HE;ELISA.HE
240;INTERMEDIATE CAPITAL GRP;Financial Services;GB;ICP.L;ICP.L;ICP.L
241;AUTO TRADER GROUP;Technology;GB;AUTOA.L;AUTO.L;AUTOA.L
242;RANDSTAD;Industrial Goods and Services;NL;RAND.AS;RAND.AS;RAND.AS
243;KESKO;Personal Care, Drug and Grocery Stores;FI;KESKOB.HE;KESKOB.HE;KESKOB.HE, KESKOA.HE
244;SWATCH BEARER;Consumer Products and Services;CH;UHR.S;UHR.SW;UHR.S, UHRN.S
245;SIG COMBIBLOC GROUP AG;Industrial Goods and Services;CH;SIGNC.S;SIGNC.SW;SIGNC.S
246;AEGON;Insurance;NL;AEGN.AS;AGN.AS;AEGN.AS, AEG.A
247;SVENSKA CELLULOSA B;Basic Resources;SE;SCAB.ST;SCA-B.ST;SCAB.ST, SCAA.ST
248;SOLVAY;Chemicals;BE;SOLB.BR;SOLB.BR;SOLB.BR
249;TRYG;Insurance;DK;TRYG.CO;TRYG.CO;TRYG.CO
250;AGEAS;Insurance;BE;AGES.BR;AGS.BR;AGES.BR
251;BARRY CALLEBAUT;Food, Beverage and Tobacco;CH;BARN.S;BARN.SW;BARN.S
252;WHITBREAD;Travel and Leisure;GB;WTB.L;WTB.L;WTB.L
253;YARA;Chemicals;NO;YAR.OL;YAR.OL;
254;ADECCO;Industrial Goods and Services;CH;ADEN.S;ADEN.SW;ADEN.S, ADENE.S
255;OMV;Energy;AT;OMVV.VI;OMV.VI;OMVV.VI
256;CHR HANSEN HLDG;Health Care;DK;CHRH.CO;CHR.CO;CHRH.CO
257;RIGHTMOVE GRP;Real Estate;GB;RMV.L;RMV.L;RMV.L
258;RED ELECTRICA CORPORATION;Utilities;ES;REE.MC;REE.MC;
259;KION GROUP;Industrial Goods and Services;DE;KGX.DE;KGX.DE;KGX.BE
260;DCC;Industrial Goods and Services;GB;DCC.L;DCC.L;DCC.L
261;SAMHALLSBYGGNADSBOL AGET NORD;Real Estate;SE;SBBB.ST;SBB-B.ST;
262;INDUTRADE;Industrial Goods and Services;SE;INDT.ST;INDT.ST;INDT.ST
263;COMMERZBANK;Banks;DE;CBKG.DE;CBK.DE;ZZMSY.BE, CBKG.BE
264;TOMRA SYSTEMS;Industrial Goods and Services;NO;TOM.OL;TOM.OL;TOM.OL
265;SMITHS GRP;Industrial Goods and Services;GB;SMIN.L;SMIN.L;SMIN.L
266;ELECTROCOMPONENTS;Industrial Goods and Services;GB;ECM.L;ECM.L;ECM.L
267;GN STORE NORD;Health Care;DK;GN.CO;GN.CO;GN.CO
268;FASTIGHETS BALDER B;Real Estate;SE;BALDB.ST;BALD-B.ST;BALDB.ST
269;MEGGITT;Industrial Goods and Services;GB;MGGT.L;MGGT.L;MGGT.L
270;SWISS PRIME SITE;Real Estate;CH;SPSN.S;SPSN.SW;SPSN.S
271;MEDIOBANCA;Financial Services;IT;MDBI.MI;MB.MI;MDBI.MI
272;TAYLOR WIMPEY;Consumer Products and Services;GB;TW.L;TW.L;TW.L
273;ANTOFAGASTA;Basic Resources;GB;ANTO.L;ANTO.L;ANTO.L, 70GD_P.L
274;JD SPORTS FASHION;Retail;GB;JD.L;JD.L;JD.L
275;ASSURA;Real Estate;GB;AGRP.L;AGR.L;AGRP.L
276;GERRESHEIMER;Health Care;DE;GXIG.DE;GXI.DE;GXIG.BE
277;ETS COLRUYT;Personal Care, Drug and Grocery Stores;BE;COLR.BR;COLR.BR;
278;TEAMVIEWER AG;Technology;DE;TMV.DE;TMV.DE;TMV.BE
279;CORBION;Food, Beverage and Tobacco;NL;CORB.AS;CRBN.AS;CORB.AS
280;GALAPAGOS;Health Care;BE;GLPG.AS;GLPG.AS;
281;ASHMORE GRP;Financial Services;GB;ASHM.L;ASHM.L;ASHM.L
282;THG;Personal Care, Drug and Grocery Stores;GB;THG.L;THG.L;
283;ZOOPLUS;Retail;DE;ZO1G.DE;ZO1.DE;ZO1G.BE
284;CLOSE BROTHERS GRP;Banks;GB;CBRO.L;CBG.L;CBRO.L
285;AFRY;Construction and Materials;SE;AFRY.ST;AFRY.ST;
286;Virgin Money UK;Banks;GB;VMUK.L;VMUK.L;VMUK.L
287;NEW WH SMITH;Retail;GB;SMWH.L;SMWH.L;
288;VICTREX;Chemicals;GB;VCTX.L;VCT.L;VCTX.L
289;GRAND CITY PROPERTIES;Real Estate;DE;GYC.DE;GYC.DE;GYC.BE
290;PRIMARY HEALTH PROPS.;Real Estate;GB;PHP.L;PHP.L;PHP.L
291;INMOBILIARIA COLONIAL SOCIMI;Real Estate;ES;COL.MC;COL.MC;
292;DARKTRACE;Technology;GB;DARK.L;DARK.L;
293;VOPAK;Industrial Goods and Services;NL;VOPA.AS;VPK.AS;VOPA.AS
294;QUILTER;Financial Services;GB;QLT.L;QLT.L;QLT.L
295;ISS AS;Industrial Goods and Services;DK;ISS.CO;ISS.CO;ISS.CO
296;GLANBIA;Food, Beverage and Tobacco;IE;GL9.I;GL9.IR;GL9.I
297;PROXIMUS;Telecommunications;BE;PROX.BR;PROX.BR;PROX.BR
298;ENTRA;Real Estate;NO;ENTRA.OL;ENTRA.OL;ENTRA.OL
299;LEONARDO;Industrial Goods and Services;IT;LDOF.MI;LDO.MI;LDOF.MI
300;DR MARTENS;Consumer Products and Services;GB;DOCS.L;DOCS.L;
301;COUNTRYSIDE PROPERTIES PLC;Consumer Products and Services;GB;CSPC.L;CSP.L;CSPC.L
302;KINDRED GROUP;Travel and Leisure;SE;KINDSDB.ST;KINDSD-B.ST;KINDSDB.ST
303;FREENET;Telecommunications;DE;FNTGN.DE;FNTN.DE;FNTGN.BE
304;BRITVIC;Food, Beverage and Tobacco;GB;BVIC.L;BVIC.L;BVIC.L
305;QT GROUP;Technology;FI;QTCOM.HE;QTCOM.HE;QTCOM.HE
306;CD PROJECT SA;Consumer Products and Services;PL;CDR.WA;CDR.WA;CDR.WA
307;CARNIVAL;Travel and Leisure;GB;CCL.L;CCL.L;CCL.L
308;ITALGAS;Utilities;IT;IG.MI;IG.MI;IG.MI
309;ALLREAL HLDG;Real Estate;CH;ALLN.S;ALLN.SW;ALLN.S
310;IWG PLC;Industrial Goods and Services;GB;IWG.L;IWG.L;IWG.L
311;FLUIDRA;Construction and Materials;ES;FLUI.MC;FDR.MC;
312;WIHLBORGS FASTIGHETER;Real Estate;SE;WIHL.ST;WIHL.ST;WIHL.ST
313;BUCHER INDUSTRIES;Industrial Goods and Services;CH;BUCN.S;BUCN.SW;BUCN.S
314;A2A;Utilities;IT;A2.MI;A2A.MI;A2.MI
315;HERA;Utilities;IT;HRA.MI;HER.MI;HRA.MI
316;LONDONMETRIC PROPERTY PLC;Real Estate;GB;LMPL.L;LMP.L;LMPL.L
317;WIZZAIR;Travel and Leisure;GB;WIZZ.L;WIZZ.L;
318;HEXPOL 'B';Basic Resources;SE;HPOLB.ST;HPOL-B.ST;HPOLB.ST
319;ZUR ROSE GROUP;Personal Care, Drug and Grocery Stores;CH;ROSEG.S;ROSEG.SW;ROSEG.S
320;LPP;Consumer Products and Services;PL;LPPP.WA;LPP.WA;LPPP.WA
321;JDE PEET S;Food, Beverage and Tobacco;NL;JDEP.AS;JDEP.AS;
322;FLUGHAFEN ZURICH;Industrial Goods and Services;CH;FHZN.S;FHZN.SW;FHZN.S
323;PROSIEBENSAT.1 MEDIA;Media;DE;PSMGN.DE;PSM.DE;
324;TUI;Travel and Leisure;GB;TUIT.L;TUI.L;TUIT.L
325;VISTRY GROUP;Consumer Products and Services;GB;VTYV.L;VTY.L;VTYV.L
326;SOFTCAT;Technology;GB;SCTS.L;SCT.L;SCTS.L
327;FUCHS PETROLUB PREF;Chemicals;DE;0LCR.L;FPE3.DE;FPEG_P.BE
328;HOMESERVE;Insurance;GB;HSV.L;HSV.L;HSV.L
329;BIG YELLOW GROUP;Real Estate;GB;BYG.L;BYG.L;BYG.L
330;MILLICOM INTL.CELU. SDR;Telecommunications;SE;TIGOSDB.ST;TIGOSD-B.ST;TIGOSDB.ST
331;AKER BP;Energy;NO;AKER.OL;AKER.OL;AKER.OL
332;SWECO 'B';Construction and Materials;SE;SWECB.ST;SWEC-B.ST;SWECB.ST, SWECA.ST
333;GALENICA SANTE AG;Personal Care, Drug and Grocery Stores;CH;GALE.S;GALE.SW;GALE.S
334;BANKINTER;Banks;ES;BKT.MC;BKT.MC;
335;HAYS;Industrial Goods and Services;GB;HAYS.L;HAS.L;HAYS.L
336;ARCADIS;Construction and Materials;NL;ARDS.AS;ARCAD.AS;ARDS.AS
337;AUTO1 GROUP;Retail;DE;AG1G.DE;AG1.DE;
338;UNIPER;Utilities;DE;UN01.DE;UN01.DE;
339;BAKKAFROST;Food, Beverage and Tobacco;NO;BAKKA.OL;BAKKA.OL;BAKKA.OL
340;TELECOM ITALIA;Telecommunications;IT;TLIT.MI;TIT.MI;TLIT.MI, TLITN.MI
341;ANDRITZ;Industrial Goods and Services;AT;ANDR.VI;ANDR.VI;ANDR.VI
342;GRAFTON GRP;Industrial Goods and Services;GB;GFTU_U.L;GFTU.L;GFTU_U.L
343;ALSTRIA OFFICE REIT;Real Estate;DE;AOXG.DE;AOX.DE;AOXG.BE
344;MERLIN PROPERTIES SOCIMI;Real Estate;ES;MRL.MC;MRL.MC;
345;SCHIBSTED GRUPPEN;Technology;NO;SBSTA.OL;SCHA.OL;SBSTA.OL
346;DUFRY GRP;Retail;CH;DUFN.S;DUFN.SW;DUFN.S
347;VITROLIFE;Health Care;SE;VITR.ST;VITR.ST;VITR.ST
348;DINO POLSKA SA;Personal Care, Drug and Grocery Stores;PL;DNP.WA;DNP.WA;DNP.WA
349;HISCOX;Insurance;GB;HSX.L;HSX.L;HSX.L
350;ACKERMANS & VAN HAAREN;Financial Services;BE;ACKB.BR;ACKB.BR;ACKB.BR
351;ELIA GROUP;Utilities;BE;ELI.BR;ELI.BR;ELI.BR
352;NORDIC ENTERTAINMENT GROUP B;Media;SE;NENTB.ST;NENT-B.ST;
353;S4 CAP. ORD SHS;Media;GB;SFOR.L;SFOR.L;SFOR.L
354;WALLENSTAM B;Real Estate;SE;WALLB.ST;WALL-B.ST;WALLB.ST
355;HELVETIA HLDG;Insurance;CH;HELN.S;HELN.SW;HELN.S
356;VOESTALPINE;Basic Resources;AT;VOES.VI;VOE.VI;VOES.VI
357;DELIVEROO A;Technology;GB;ROO.L;ROO.L;
358;BILLERUDKORSNAS;Basic Resources;SE;BILL.ST;BILL.ST;BILL.ST
359;AAK;Food, Beverage and Tobacco;SE;AAK.ST;AAK.ST;AAK.ST
360;UNITED INTERNET;Technology;DE;UTDI.DE;UTDI.DE;UTDI.BE
361;INWIT;Telecommunications;IT;INWT.MI;INW.MI;
362;ROTORK;Industrial Goods and Services;GB;ROR.L;ROR.L;ROR.L, 76ID_P.L
363;TATE & LYLE;Food, Beverage and Tobacco;GB;TATE.L;TATE.L;TATE.L, BD15_P.L
364;GAMES WORKSHOP;Consumer Products and Services;GB;GAW.L;GAW.L;
365;ROCKWOOL B;Construction and Materials;DK;ROCKB.CO;ROCK-B.CO;ROCKB.CO, ROCKA.CO
366;SIEGFRIED 'R';Health Care;CH;SFZN.S;SFZN.SW;SFZN.S
367;GREGGS;Personal Care, Drug and Grocery Stores;GB;GRG.L;GRG.L;GRG.L
368;SALMAR;Food, Beverage and Tobacco;NO;SALM.OL;SALM.OL;SALM.OL
369;THYSSENKRUPP;Industrial Goods and Services;DE;TKAG.DE;TKA.DE;TKAG.BE
370;INCHCAPE;Industrial Goods and Services;GB;INCH.L;INCH.L;INCH.L
371;TAG IMMOBILIEN AG;Real Estate;DE;TEGG.DE;TEG.DE;TEGG.BE
372;RAIFFEISEN BANK INTERNATIONAL;Banks;AT;RBIV.VI;RBI.VI;RBIV.VI
373;CTS EVENTIM;Media;DE;EVDG.DE;EVD.DE;
374;INPOST;Industrial Goods and Services;NL;INPST.AS;INPST.AS;
375;HOLMEN B;Basic Resources;SE;HOLMB.ST;HOLM-B.ST;HOLMB.ST, HOLMA.ST
376;RHEINMETALL;Industrial Goods and Services;DE;RHMG.DE;RHM.DE;RHMG.BE
377;BAWAG GROUP AG;Banks;AT;BAWG.VI;BG.VI;BAWG.VI
378;BCO SABADELL;Banks;ES;SABE.MC;SAB.MC;
379;HUHTAMAKI;Industrial Goods and Services;FI;HUH1V.HE;HUH1V.HE;HUH1V.HE
381;PENNON GRP;Utilities;GB;PNN.L;PNN.L;PNN.L
382;MAN GRP;Financial Services;GB;EMG.L;EMG.L;
383;ELEKTA B;Health Care;SE;EKTAB.ST;EKTA-B.ST;EKTAB.ST
384;ACCIONA S.A.;Construction and Materials;ES;ANA.MC;ANA.MC;
385;COFINIMMO;Real Estate;BE;COFB.BR;COFB.BR;COFB.BR
386;WIENERBERGER;Construction and Materials;AT;WBSV.VI;WIE.VI;WBSV.VI
387;LUFTHANSA;Travel and Leisure;DE;LHAG.DE;LHA.DE;
388;ADDLIFE;Health Care;SE;ALIFB.ST;ALIF-B.ST;ALIFB.ST
389;LUNDBERGFORETAGEN B;Financial Services;SE;LUNDB.ST;LUND-B.ST;LUNDB.ST
390;TRAVIS PERKINS;Retail;GB;TPK.L;TPK.L;TPK.L
391;FABEGE;Real Estate;SE;FABG.ST;FABG.ST;FABG.ST
392;DERWENT LONDON;Real Estate;GB;DLN.L;DLN.L;DLN.L
393;REPLY;Technology;IT;REY.MI;REY.MI;REY.MI
394;WISE A;Industrial Goods and Services;GB;WISEA.L;WISE.L;
395;GJENSIDIGE FORSIKRING;Insurance;NO;GJFS.OL;GJF.OL;GJFS.OL, BEARGJFX3DN.OL, BULLGJFX3DN.OL
396;AEDIFICA;Real Estate;BE;AOO.BR;AED.BR;AOO.BR
397;BRIDGEPOINT GROUP;Financial Services;GB;BPTB.L;BPT.L;
398;BACHEM HOLDING;Health Care;CH;BANB.S;BANB.SW;BANB.S
399;ORION B;Health Care;FI;ORNBV.HE;ORNBV.HE;
400;ROYAL MAIL;Industrial Goods and Services;GB;RMG.L;RMG.L;
401;NOKIAN RENKAAT;Automobiles and Parts;FI;TYRES.HE;TYRES.HE;TYRES.HE
402;SIMCORP;Technology;DK;SIM.CO;SIM.CO;SIM.CO
403;STOREBRAND;Insurance;NO;STB.OL;STB.OL;STB.OL, BEARSTBDN.OL, BULLSTBDN.OL
404;EVRAZ;Basic Resources;GB;EVRE.L;EVR.L;EVRE.L
405;CLARIANT;Chemicals;CH;CLN.S;CLN.SW;CLN.S
406;BANCO BPM;Banks;IT;BAMI.MI;BAMI.MI;
407;UNITE GROUP PLC;Real Estate;GB;UTG.L;UTG.L;UTG.L
408;ADEVINTA;Consumer Products and Services;NO;ADEB.OL;ADE.OL;ADEB.OL
409;CONVATEC PLC;Health Care;GB;CTEC.L;CTEC.L;CTEC.L
410;AVANZA BANK HLDG;Banks;SE;AVANZ.ST;AZA.ST;AVANZ.ST
411;AVAST PLC;Technology;GB;AVST.L;AVST.L;AVST.L
412;AMS AG;Technology;CH;AMS.S;AMS.SW;AMS.S
413;DIRECT LINE INSURANCE GROUP;Insurance;GB;DLGD.L;DLG.L;DLGD.L
414;KOJAMO OYJ;Real Estate;FI;KOJAMO.HE;KOJAMO.HE;KOJAMO.HE
415;GALP ENERGIA;Energy;PT;GALP.LS;GALP.LS;GALP.LS
416;GENUS;Health Care;GB;GNS.L;GNS.L;GNS.L
417;BELLWAY;Consumer Products and Services;GB;BWY.L;BWY.L;BWY.L
418;DEMANT;Health Care;DK;DEMANT.CO;DEMANT.CO;DEMANT.CO
419;FUTURE;Media;GB;FUTR.L;FUTR.L;FUTR.L
420;CENTRICA;Utilities;GB;CNA.L;CNA.L;CNA.L
421;SWEDISH ORPHAN BIOVITRUM;Health Care;SE;SOBIV.ST;SOBI.ST;SOBIV.ST
422;AMBU 'B';Health Care;DK;AMBUB.CO;AMBU-B.CO;AMBUB.CO
423;DOMETIC GROUP AB;Consumer Products and Services;SE;DOMETIC.ST;DOM.ST;DOMETIC.ST
424;RATIONAL;Industrial Goods and Services;DE;RAAG.DE;RAA.DE;RAAG.BE
425;SECURITAS B;Industrial Goods and Services;SE;SECUB.ST;SECU-B.ST;SECUB.ST
426;ENAGAS;Energy;ES;ENAG.MC;ENG.MC;
427;DIPLOMA;Industrial Goods and Services;GB;DPLM.L;DPLM.L;DPLM.L
428;TRITAX BIG BOX REIT;Real Estate;GB;BBOXT.L;BBOX.L;BBOXT.L
429;KGHM;Basic Resources;PL;KGH.WA;KGH.WA;KGH.WA
430;BEIJER REF AB;Industrial Goods and Services;SE;BEIAB.ST;BEIA-B.ST;BEIAB.ST
431;ELECTROLUX B;Consumer Products and Services;SE;ELUXB.ST;ELUX-B.ST;ELUXB.ST, ELUXA.ST
432;NETCOMPANY GROUP AS;Technology;DK;NETCG.CO;NETC.CO;NETCG.CO
433;ROYAL UNIBREW;Food, Beverage and Tobacco;DK;RBREW.CO;RBREW.CO;RBREW.CO
434;BANK OF IRELAND GROUP;Banks;IE;BIRG.I;BIRG.IR;
435;TENARIS;Energy;IT;TENR.MI;TEN.MI;TENR.MI
436;LANXESS;Chemicals;DE;LXSG.DE;LXS.DE;LXSG.BE
437;IAG;Travel and Leisure;GB;ICAG.L;IAG.L;
438;HIKMA PHARMACEUTICALS;Health Care;GB;HIK.L;HIK.L;HIK.L
439;TECAN;Health Care;CH;TECN.S;TECN.SW;TECN.S
440;TRELLEBORG B;Industrial Goods and Services;SE;TRELB.ST;TREL-B.ST;TRELB.ST
441;SIEMENS GAMESA;Energy;ES;SGREN.MC;SGRE.MC;
442;Naturgy Energy Group;Utilities;ES;NTGY.MC;NTGY.MC;
443;LATOUR INVESTMENT B;Financial Services;SE;LATOB.ST;LATO-B.ST;LATOB.ST
444;ICA GRUPPEN;Personal Care, Drug and Grocery Stores;SE;ICAA.ST;ICA-A.ST;ICAA.ST
445;DIASORIN;Health Care;IT;DIAS.MI;DIA.MI;DIAS.MI
446;AVEVA GRP;Technology;GB;AVV.L;AVV.L;AVV.L
447;Valmet;Industrial Goods and Services;FI;VALMT.HE;VALMT.HE;VALMT.HE
448;PZU GROUP;Insurance;PL;PZU.WA;PZU.WA;PZUAKORD.WA
449;CASTELLUM;Real Estate;SE;CAST.ST;CAST.ST;CAST.ST
450;JOHNSON MATTHEY;Chemicals;GB;JMAT.L;JMAT.L;JMAT.L
451;BRITISH LAND COMPANY;Real Estate;GB;BNLD.L;BLND.L;BLND.L, 33DR.L, 33DS.L, 33DT.L, 33DU.L, 70QA.L
452;JERONIMO MARTINS;Personal Care, Drug and Grocery Stores;PT;JMT.LS;JMT.LS;JMT.LS, 0EXG.L
453;NORDIC SEMICONDUCTOR;Technology;NO;NOD.OL;NOD.OL;NOD.OL
454;PSP SWISS PROPERTY;Real Estate;CH;PSPN.S;PSPN.SW;PSPN.S
455;INTERPUMP GRP;Industrial Goods and Services;IT;ITPG.MI;IP.MI;ITPG.MI
456;INDUSTRIVARDEN A;Financial Services;SE;INDUA.ST;INDU-A.ST;INDUA.ST, INDUC.ST
457;THULE GROUP;Consumer Products and Services;SE;THULE.ST;THULE.ST;THULE.ST
458;GRIFOLS;Health Care;ES;GRLS.MC;GRF.MC;
459;BELIMO HOLDING;Construction and Materials;CH;BEAN.S;BEAN.SW;BEAN.S
460;VIFOR PHARMA;Health Care;CH;VIFN.S;VIFN.SW;VIFN.S
461;AALBERTS;Industrial Goods and Services;NL;AALB.AS;AALB.AS;AALB.AS
462;SPECTRIS;Industrial Goods and Services;GB;SXS.L;SXS.L;SXS.L
463;BECHTLE;Technology;DE;BC8G.DE;BC8.DE;BC8G.BE
464;ITV;Media;GB;ITV.L;ITV.L;ITV.L
465;SCOUT24;Technology;DE;G24N.DE;G24.DE;
466;EVONIK INDUSTRIES;Chemicals;DE;EVKN.DE;EVK.DE;EVKN.BE
467;IMI;Industrial Goods and Services;GB;IMI.L;IMI.L;IMI.L
468;SIGNIFY;Construction and Materials;NL;LIGHT.AS;LIGHT.AS;LIGHT.AS
469;GEORG FISCHER;Industrial Goods and Services;CH;FIN.S;FIN.SW;FIN.S
470;WEIR GRP;Industrial Goods and Services;GB;WEIR.L;WEIR.L;WEIR.L
471;ADDTECH B;Industrial Goods and Services;SE;ADDTB.ST;ADDT-B.ST;ADDTB.ST
472;HUSQVARNA B;Consumer Products and Services;SE;HUSQB.ST;HUSQ-B.ST;HUSQB.ST, HUSQA.ST
473;ASR NEDERLAND NV;Insurance;NL;ASRNL.AS;ASRNL.AS;ASRNL.AS
474;EDP RENOVAVEIS;Utilities;PT;EDPR.LS;EDPR.LS;EDPR.LS
475;MARKS & SPENCER GRP;Retail;GB;MKS.L;MKS.L;MKS.L
476;VERBUND;Utilities;AT;VERB.VI;VER.VI;VERB.VI
477;EVOTEC;Health Care;DE;EVTG.DE;EVT.DE;EVTG.BE
478;POSTE ITALIANE;Insurance;IT;PST.MI;PST.MI;PST.MI
479;RECORDATI;Health Care;IT;RECI.MI;REC.MI;RECI.MI
480;BERKELEY GRP HLDG;Consumer Products and Services;GB;BKY.L;BKY.L;BKY.L
481;WDP;Real Estate;BE;WDPP.BR;WDP.BR;
482;LAND SECURITIES;Real Estate;GB;LAND.L;LAND.L;
483;PEARSON;Media;GB;PSON.L;PSON.L;PSON.L
484;SCHRODERS;Financial Services;GB;SDR.L;SDR.L;SDR.L, SDRT.L
485;BALOISE;Insurance;CH;BALN.S;BALN.SW;BALN.S
486;DS SMITH;Industrial Goods and Services;GB;SMDS.L;SMDS.L;SMDS.L
487;WARTSILA;Industrial Goods and Services;FI;WRT1V.HE;WRT1V.HE;WRT1V.HE
488;POLYMETAL INTERNATIONAL;Basic Resources;GB;POLYP.L;POLY.L;POLYP.L
489;LUNDIN ENERGY;Energy;SE;LUNE.ST;LUNE.ST;
490;B&M EUROPEAN VALUE RETAIL;Retail;GB;BMEB.L;BME.L;
491;SOFINA;Financial Services;BE;SOF.BR;SOF.BR;
492;TELE2 B;Telecommunications;SE;TEL2B.ST;TEL2-B.ST;
493;SAINSBURY (J);Personal Care, Drug and Grocery Stores;GB;SBRY.L;SBRY.L;
494;ABRDN;Financial Services;GB;ABDN.L;ABDN.L;
495;SINCH;Technology;SE;SINCH.ST;SINCH.ST;
496;GEA GRP;Industrial Goods and Services;DE;G1AG.DE;G1A.DE;
497;CARL ZEISS MEDITEC;Health Care;DE;AFXG.DE;AFX.DE;
498;HOWDEN JOINERY GRP;Retail;GB;HWDN.L;HWDN.L;
499;METSO OUTOTEC;Industrial Goods and Services;FI;MOCORP.HE;MOCORP.HE;
500;DECHRA PHARMACEUTICALS;Health Care;GB;DPH.L;DPH.L;
501;ORKLA;Food, Beverage and Tobacco;NO;ORK.OL;ORK.OL;
502;HARGREAVES LANSDOWN;Financial Services;GB;HRGV.L;HL.L;
503;ACCOR;;FR;ACCP.PA;AC.PA;
504;AEROPORT DE PARIS;;FR;ADP.PA;ADP.PA;
505;A.S.T. GROUPE;;FR;ASTP.PA;ASP.PA;
506;AB SCIENCE;;FR;ABS.PA;AB.PA;
507;ABC ARBITRAGE;;FR;BITI.PA;ABCA.PA;
508;ABIVAX;;FR;ABVX.PA;ABVX.PA;
509;ACTEOS;;FR;DTNC.PA;EOS.PA;
510;ACTIA GROUP;;FR;MRSP.PA;ATI.PA;
511;ADOCIA;;FR;ADOC.PA;ADOC.PA;
512;AIR FRANCE -KLM;;FR;AIRF.PA;AF.PA;
513;Air Liquide S.A;;FR;AIRP.PA;AI.PA;
514;AIRBUS SE;;FR;AIR.PA;AIR.PA;
515;AKKA TECHNOLOGIES;;FR;AKA.PA;AKA.PA;
516;AKWEL;;FR;AKW.PA;AKW.PA;
517;ALBIOMA;;FR;ABIO.PA;ABIO.PA;
518;ALPES (COMPAGNIE);;FR;CDAF.PA;CDA.PA;
519;ALSTOM;;FR;ALSO.PA;ALO.PA;
520;ALTEN;;FR;LTEN.PA;ATE.PA;
521;ALTUR INVEST.;;FR;ALTUR.PA;ALTUR.PA;
522;AMPLITUDE SURGICAL;;FR;AMPLI.PA;AMPLI.PA;
523;AMUNDI;;FR;AMUN.PA;AMUN.PA;
525;ARKEMA;;FR;AKE.PA;AKE.PA;
526;ASSYSTEM;;FR;ASY.PA;ASY.PA;
527;ATARI;;FR;ATAR.PA;ATA.PA;
528;ATEME;;FR;ATEME.PA;ATEME.PA;
529;Atos SE;;FR;ATOS.PA;ATO.PA;
530;AUBEY;;FR;AUBT.PA;AUB.PA;
531;AUREA;;FR;AUER.PA;AURE.PA;
532;AURES TECHNOLOGIES;;FR;AURS.PA;AURS.PA;
533;Axa;;FR;AXAF.PA;CS.PA;
534;AXWAY SOFTWARE;;FR;AXW.PA;AXW.PA;
535;BASTIDE LE CONFORT;;FR;BATD.PA;BLC.PA;
536;BENETEAU;;FR;CHBE.PA;BEN.PA;
537;BIC;;FR;BICP.PA;BB.PA;
538;BIGBEN INTERACTIVE;;FR;BGBN.PA;BIG.PA;
539;BIOMERIEUX;;FR;BIOX.PA;BIM.PA;
540;BNP;;FR;BNPP.PA;BNP.PA;
541;BOIRON;;FR;BOIR.PA;BOI.PA;
542;BOLLORE;;FR;BOLL.PA;BOL.PA;
543;BONDUELLE;;FR;BOND.PA;BON.PA;
544;BOURSE DIRECT;;FR;BDRP.PA;BSD.PA;
545;Bouygues;;FR;BOUY.PA;EN.PA;
546;BUREAU VERITAS;;FR;BVI.PA;BVI.PA;
547;CAFOM;;FR;CAFO.PA;CAFO.PA;
548;CAPELLI;;FR;CAPLI.PA;CAPLI.PA;
549;Capgemini;;FR;CAPP.PA;CAP.PA;
550;Carrefour;;FR;CARR.PA;CAR.PA;
551;CASINO GUICHARD;;FR;CASP.PA;CO.PA;
552;CAST;;FR;YAS.PA;CAS.PA;
553;CATANA GROUP;;FR;CATGR.PA;CATF.PA;
554;CATERING INTL SCES;;FR;CTRG.PA;CTRG.PA;
555;CBO TERRITORIA;;FR;CBOT.PA;CBOT.PA;
556;CEGEDIM;;FR;CGDM.PA;CGM.PA;
557;CGG;;FR;GEPH.PA;CGG.PA;
558;CHARGEURS;;FR;CRIP.PA;CRI.PA;
559;CIBOX INTER A CTIV;;FR;CIBP.PA;CIB.PA;
560;CLARANOVA;;FR;AVQ.PA;CLA.PA;
561;CNIM CONSTR.FRF 10;;FR;CNIM.PA;COM.PA;
562;CNP ASSURANCES;;FR;CNPP.PA;CNP.PA;
563;COFACE;;FR;COFA.PA;COFA.PA;
564;Compagnie de Saint-Gobain S.A.;;FR;SGOB.PA;SGO.PA;
565;Credit Agricole S.A.;;FR;CAGR.PA;ACA.PA;
566;Danone;;FR;DANO.PA;BN.PA;
567;Dassault Systemes SA;;FR;DAST.PA;DSY.PA;
568;DBV TECHNOLOGIES;;FR;DBV.PA;DBV.PA;
569;DERICHEBOURG;;FR;DBG.PA;DBG.PA;
570;DIAGNOSTIC MEDICAL;;FR;DMSP.PA;DGM.PA;
571;EDENRED;;FR;EDEN.PA;EDEN.PA;
572;EDF;;FR;EDF.PA;EDF.PA;
573;EGIDE;;FR;EGID.PA;GID.PA;
574;EIFFAGE;;FR;FOUG.PA;FGR.PA;
575;EKINOPS;;FR;EKI.PA;EKI.PA;
576;ELIOR GROUP;;FR;ELIOR.PA;ELIOR.PA;
577;ELIS;;FR;ELIS.PA;ELIS.PA;
578;Engie;;FR;ENGIE.PA;ENGI.PA;
579;ERAMET;;FR;ERMT.PA;ERA.PA;
580;ERYTECH PHARMA;;FR;ERYP.PA;ERYP.PA;
581;ESI GROUP;;FR;ESIG.PA;ESI.PA;
582;EssilorLuxottica;;FR;ESLX.PA;EL.PA;
583;ESSO;;FR;ESSF.PA;ES.PA;
584;EURAZEO;;FR;EURA.PA;RF.PA;
585;EUROFINS SCIENTIFIC;;FR;EUFI.PA;ERF.PA;
586;EUROPACORP;;FR;ECP.PA;ECP.PA;
587;EUROPCAR;;FR;EUCAR.PA;EUCAR.PA;
588;EUTELSAT COMMUNIC.;;FR;ETL.PA;ETL.PA;
589;EXEL INDUSTRIES;;FR;EXEP.PA;EXE.PA;
590;FAURECIA;;FR;EPED.PA;EO.PA;
591;FDJ;;FR;FDJ.PA;FDJ.PA;
592;FERMENTALG;;FR;FALG.PA;FALG.PA;
593;PEUGEOT;;FR;PEUP.PA;PEUG.PA;
594;FIGEAC AERO;;FR;FGA.PA;FGA.PA;
595;FONC. PARIS NORD;;FR;FPN.PA;FPN.PA;
596;GECINA;;FR;GFCP.PA;GFC.PA;
597;GENERIX;;FR;GENX.PA;GENX.PA;
598;GENFIT;;FR;GNFT.PA;GNFT.PA;
599;GENOMIC VISION;;FR;GVI.PA;GV.PA;
600;GENSIGHT BIOLOGICS;;FR;SIGHT.PA;SIGHT.PA;
601;GETLINK;;FR;GETP.PA;GET.PA;
602;GROUPE CRIT;;FR;CITT.PA;CEN.PA;
603;GROUPE FNAC;;FR;FNAC.PA;FNAC.PA;
604;GROUPE GORGE;;FR;GOEG.PA;GOE.PA;
605;GROUPE SFPI;;FR;SFPI.PA;SFPI.PA;
606;GTT;;FR;GTT.PA;GTT.PA;
607;GUERBET;;FR;GRBT.PA;GBT.PA;
608;GUILLEMOT;;FR;GTCN.PA;GUI.PA;
609;HAULOTTE GROUP;;FR;PYHE.PA;PIG.PA;
610;Hermes International;;FR;HRMS.PA;RMS.PA;
611;HIGH CO;;FR;HIGH.PA;HCO.PA;
612;HOPSCOTCH GROUPE;;FR;HOP.PA;HOP.PA;
613;IMERYS;;FR;IMTP.PA;NK.PA;
614;INNATE PHARMA;;FR;IPH.PA;IPH.PA;
615;INTERPARFUMS;;FR;IPAR.PA;ITP.PA;
616;INVENTIVA PROM;;FR;IVAA.PA;IVA.PA;
617;IPSEN;;FR;IPN.PA;IPN.PA;
618;IPSOS;;FR;ISOS.PA;IPS.PA;
619;ITESOFT;;FR;ITFT.PA;ITE.PA;
620;JACQUET METAL SCE;;FR;JCQ.PA;JCQ.PA;
621;JC DECAUX;;FR;JCDX.PA;DEC.PA;
622;KAUFMAN ET BROAD;;FR;KOF.PA;KOF.PA;
623;Kering;;FR;PRTP.PA;KER.PA;
624;KORIAN;;FR;KORI.PA;KORI.PA;
625;LAGARDERE S.C.A.;;FR;LAGA.PA;MMB.PA;
626;LECTRA;;FR;LECS.PA;LSS.PA;
627;Legrand SA;;FR;LEGD.PA;LR.PA;
628;LINEDATA SERVICES;;FR;LDSV.PA;LIN.PA;
629;LISI;;FR;GFII.PA;FII.PA;
630;L'Oreal;;FR;OREP.PA;OR.PA;
631;Lvmh Moet Hennessy Vuitton SE;;FR;LVMH.PA;MC.PA;
632;MAISONS DU MONDE;;FR;MDM.PA;MDM.PA;
633;MANITOU BF;;FR;MANP.PA;MTU.PA;
634;MAUNA KEA TECH;;FR;MKEA.PA;MKEA.PA;
635;MAUREL ET PROM;;FR;MAUP.PA;MAU.PA;
636;MBWS;;FR;MBWS.PA;MBWS.PA;
637;MCPHY ENERGY;;FR;MCPHY.PA;MCPHY.PA;
638;MEDINCELL REG;;FR;MEDCL.PA;MEDCL.PA;
639;MEMSCAP REGPT;;FR;MEMS.PA;MEMS.PA;
640;MERSEN;;FR;CBLP.PA;MRN.PA;
641;METABOLIC EXPLORER;;FR;METEX.PA;METEX.PA;
642;METROPOLE TV;;FR;MMTP.PA;MMT.PA;
643;Michelin (CGDE)-B;;FR;MICP.PA;ML.PA;
644;MICROPOLE;;FR;MIPO.PA;MUN.PA;
645;NANOBIOTIX;;FR;NANOB.PA;NANO.PA;
646;NAVYA;;FR;NAVYA.PA;NAVYA.PA;
647;NEOEN;;FR;NEOEN.PA;NEOEN.PA;
648;NEURONES;;FR;NRO.PA;NRO.PA;
649;NEXANS;;FR;NEXS.PA;NEX.PA;
650;NEXITY;;FR;NEXI.PA;NXI.PA;
651;NICOX;;FR;NCOX.PA;COX.PA;
652;Orange.;;FR;ORAN.PA;ORA.PA;
653;ORAPI;;FR;ORPF.PA;ORAP.PA;
654;OREGE;;FR;OREGE.PA;OREGE.PA;
655;ORPEA;;FR;ORP.PA;ORP.PA;
656;OSE IMMUNO;;FR;OSE.PA;OSE.PA;
657;PARROT;;FR;PARRO.PA;PARRO.PA;
658;PASSAT;;FR;PASS.PA;PSAT.PA;
659;Pernod Ricard;;FR;PERP.PA;RI.PA;
660;PHARMAGEST INTER.;;FR;PHAI.PA;PHA.PA;
661;PIERRE VACANCES;;FR;PVAC.PA;VAC.PA;
662;PLASTIC OMNIUM;;FR;PLOF.PA;POM.PA;
663;PLASTIVALOIRE;;FR;PLVP.PA;PVL.PA;
664;POXEL;;FR;POXEL.PA;POXEL.PA;
665;PROLOGUE;;FR;PRSW.PA;PROL.PA;
666;Publicis Groupe SA;;FR;PUBP.PA;PUB.PA;
667;LUMIBIRD;;FR;LBIRD.PA;LBIRD.PA;
668;REMY COINTREAU;;FR;RCOP.PA;RCO.PA;
669;Renault S.A.;;FR;RENA.PA;RNO.PA;
670;REXEL;;FR;RXL.PA;RXL.PA;
671;ROBERTET;;FR;ROBF.PA;RBT.PA;
672;ROTHSCHILD & CO;;FR;ROTH.PA;ROTH.PA;
673;RUBIS;;FR;RUBF.PA;RUI.PA;
674;Safran SA;;FR;SAF.PA;SAF.PA;
675;SAINT GOBAIN;;FR;SGOB.PA;SGO.PA;
676;Sanofi;;FR;SASY.PA;SAN.PA;
677;SARTORIUS BIOTECH;;FR;STDM.PA;DIM.PA;
678;Schneider Electric SE;;FR;SCHN.PA;SU.PA;
679;SCOR SE;;FR;SCOR.PA;SCR.PA;
680;SECHE ENVIRONNEM.;;FR;CCHE.PA;SCHP.PA;
681;SERGEFERRARI GROUP;;FR;SEFER.PA;SEFER.PA;
682;SHOWROOMPRIVE;;FR;SRPG.PA;SRP.PA;
683;SIGNAUX GIROD;;FR;GIRO.PA;ALGIR.PA;
684;SMTPC;;FR;SMTPC.PA;SMTPC.PA;
685;SOCIETE GENERALE;;FR;SOGN.PA;GLE.PA;
686;SODEXO;;FR;EXHO.PA;SW.PA;
687;SOGECLAIR;;FR;SCLR.PA;SOG.PA;
688;SOITEC;;FR;SOIT.PA;SOI.PA;
690;SOPRA STERIA GROUP;;FR;SOPR.PA;SOP.PA;
691;SPIE;;FR;SPIE.PA;SPIE.PA;
692;SQLI;;FR;SQLI.PA;SQI.PA;
693;ST DUPONT;;FR;DPTP.PA;DPT.PA;
694;ST MICROELECTRONICS;;FR;STM.PA;STM.PA;
695;STELLANTIS;;FR;STLA.PA;STLA.PA;
696;SOLUTION 30;;FR;S30.PA;S30.PA;
697;SUEZ;;FR;SEVI.PA;SEV.PA;
698;SWORD GROUP;;FR;SWOR.PA;SWP.PA;
699;SYNERGIE;;FR;SDGI.PA;SGD.PA;
700;TARKETT;;FR;TKTT.PA;TKTT.PA;
701;TELEPERFORMANCE;;FR;TEPRF.PA;TEP.PA;
702;TESSI;;FR;TESI.PA;TES.PA;
703;THALES;;FR;TCFP.PA;HO.PA;
704;TOTAL;;FR;TTEF.PA;TTE.PA;
705;TOUAX;;FR;TETR.PA;TOUP.PA;
706;TRANSGENE;;FR;TRNG.PA;TNG.PA;
707;TRIGANO;;FR;TRIA.PA;TRI.PA;
708;UBISOFT;;FR;UBIP.PA;UBI.PA;
710;UNION TECH.INFOR.;;FR;UTIN.PA;FPG.PA;
711;VALEO;;FR;VLOF.PA;FR.PA;
712;VALLOUREC;;FR;VLLP.PA;VK.PA;
713;VALNEVA;;FR;VLS.PA;VLA.PA;
714;VEOLIA;;FR;VIE.PA;VIE.PA;
715;VICAT;;FR;VCTP.PA;VCT.PA;
716;VILMORIN & CIE;;FR;VILM.PA;RIN.PA;
717;VINCI;;FR;SGEF.PA;DG.PA;
718;VIRBAC;;FR;VIRB.PA;VIRP.PA;
719;VIVENDI;;FR;VIV.PA;VIV.PA;
720;VOLTALIA;;FR;VLTSA.PA;VLTSA.PA;
721;VRANKEN-POMMERY;;FR;VRKP.PA;VRAP.PA;
722;WENDEL;;FR;MWDP.PA;MF.PA;
723;WORLDLINE;;FR;WLN.PA;WLN.PA;
724;XILAM ANIMATION;;FR;XIL.PA;XIL.PA;
725;S.E.B.;;FR;SEBF.PA;SEB.PA;
